{
  "IcoMoonType": "selection",
  "icons": [
    {
      "icon": {
        "paths": [
          "M40.079 466.743c-24.994 24.994-24.994 65.519 0 90.513l407.294 407.292c24.994 24.994 65.515 24.994 90.509 0s24.994-65.515 0-90.509l-362.039-362.039 362.039-362.039c24.994-24.994 24.994-65.516 0-90.51s-65.515-24.994-90.509 0l-407.294 407.292zM1194.667 448h-1109.333v128h1109.333v-128z"
        ],
        "attrs": [
          {
            "fill": "rgb(255, 255, 255)"
          }
        ],
        "width": 1195,
        "isMulticolor": false,
        "isMulticolor2": false,
        "grid": 0,
        "tags": [
          "Arrow 2"
        ]
      },
      "attrs": [
        {
          "fill": "rgb(255, 255, 255)"
        }
      ],
      "properties": {
        "order": 145,
        "id": 3,
        "name": "arrow",
        "prevSize": 32
      },
      "setIdx": 0,
      "setId": 15,
      "iconIdx": 0
    },
    {
      "icon": {
        "paths": [
          "M0 756.16l86.496 149.504c17.664 35.008 53.344 56.994 92.32 56.994h574.174l-119.168-206.498h-633.822zM1024 757.154c0-20.514-6.178-39.842-16.512-56l-336.512-584.834c-17.826-33.824-52.992-55.008-91.328-55.008h-177.824l519.678 900.322 82.018-141.824c16-27.17 20.48-39.168 20.48-62.656zM549.15 609.506l-232.158-402.178-232.32 402.178h464.478z"
        ],
        "attrs": [
          {
            "fill": "rgb(255, 255, 255)"
          }
        ],
        "isMulticolor": false,
        "isMulticolor2": false,
        "grid": 0,
        "tags": [
          "artstation"
        ]
      },
      "attrs": [
        {
          "fill": "rgb(255, 255, 255)"
        }
      ],
      "properties": {
        "order": 146,
        "id": 2,
        "name": "artstation",
        "prevSize": 32
      },
      "setIdx": 0,
      "setId": 15,
      "iconIdx": 1
    },
    {
      "icon": {
        "paths": [
          "M855.999 454.017v-207.009c0-36.992-31.005-68-68-68h-543.999c-36.992 0-68 31.008-68 68v207.009h164.992c26.016-71.010 95.009-122.017 175.008-122.017s148.992 51.008 175.008 122.017h164.991zM855.999 514.017h-152.992v4.99c0 103.008-83.999 187.010-187.007 187.010s-187.007-84.002-187.007-187.010v-4.99h-152.992v276.992c0 36.991 31.008 68 68 68h543.999c36.994 0 68-31.009 68-68v-276.992zM235.008 239.007h34.016v155.999h-34.016v-155.999zM303.008 239.007h34.015v155.999h-34.015v-155.999zM371.008 239.007h34.015v98.016c-11.006 8-23.006 16.992-34.015 26.016v-124.032zM516 647.007c71.007 0 127.007-56.99 127.007-128 0-71.007-56-127.007-127.007-127.007s-128 56-128 127.007c0 71.010 56.993 128 128 128zM635.007 239.007h160.991v155.999h-107.998c-14.016-20.992-32.991-38.015-52.994-51.997v-104.001z"
        ],
        "attrs": [
          {
            "fill": "rgb(255, 255, 255)"
          }
        ],
        "isMulticolor": false,
        "isMulticolor2": false,
        "grid": 0,
        "tags": [
          "instagram"
        ]
      },
      "attrs": [
        {
          "fill": "rgb(255, 255, 255)"
        }
      ],
      "properties": {
        "order": 147,
        "id": 1,
        "name": "instagram",
        "prevSize": 32
      },
      "setIdx": 0,
      "setId": 15,
      "iconIdx": 2
    },
    {
      "icon": {
        "paths": [
          "M943.999 0h-863.999c-44.2 0-80 35.8-80 80v863.999c0 44.201 35.8 80.001 80 80.001h863.999c44.201 0 80.001-35.8 80.001-80.001v-863.999c0-44.2-35.8-80-80.001-80zM368.8 726.199h-99.8v-319.399h99.8v319.399zM316.2 366.8h-0.8c-36.2 0-59.6-24.4-59.6-55.4 0-31.6 24.2-55.4 61-55.4s59.4 23.8 60.2 55.4c0.2 30.8-23.2 55.4-60.8 55.4zM768 726.199h-113.201v-165.198c0-43.199-17.599-72.802-56.6-72.802-29.798 0-46.401 19.999-54 39.201-2.796 6.798-2.4 16.402-2.4 26.201v172.597h-112.198c0 0 1.4-292.799 0-319.399h112.198v50.198c6.603-21.998 42.403-53.198 99.6-53.198 71.003 0 126.602 45.999 126.602 144.801v177.597z"
        ],
        "attrs": [
          {
            "fill": "rgb(255, 255, 255)"
          }
        ],
        "isMulticolor": false,
        "isMulticolor2": false,
        "grid": 0,
        "tags": [
          "linkedin"
        ]
      },
      "attrs": [
        {
          "fill": "rgb(255, 255, 255)"
        }
      ],
      "properties": {
        "order": 148,
        "id": 0,
        "name": "linkedin",
        "prevSize": 32
      },
      "setIdx": 0,
      "setId": 15,
      "iconIdx": 3
    }
  ],
  "height": 1024,
  "preferences": {
    "showGlyphs": true,
    "showQuickUse": true,
    "showQuickUse2": true,
    "showSVGs": true,
    "fontPref": {
      "prefix": "icon-",
      "metadata": {
        "fontFamily": "icomoon"
      },
      "metrics": {
        "emSize": 1024,
        "baseline": 6.25,
        "whitespace": 50
      },
      "embed": false
    },
    "imagePref": {
      "prefix": "icon-",
      "png": false,
      "useClassSelector": true,
      "color": 0,
      "bgColor": 16777215,
      "classSelector": ".icon",
      "name": "icomoon",
      "height": 32,
      "columns": 16,
      "margin": 16,
      "addBgColor": false
    },
    "historySize": 50,
    "showCodes": true,
    "gridSize": 16
  }
}